<?xml version="1.0" encoding="UTF-8" ?>
<!DOCTYPE mapper PUBLIC "-//mybatis.org//DTD Mapper 3.0//EN" "http://mybatis.org/dtd/mybatis-3-mapper.dtd" >
<mapper namespace="dao.mapper.sys_resourceMapper" >
  <resultMap id="BaseResultMap" type="dao.po.sys_resource" >
    <!--
      WARNING - @mbggenerated
      This element is automatically generated by MyBatis Generator, do not modify.
    -->
    <constructor >
      <idArg column="id" jdbcType="VARCHAR" javaType="java.lang.String" />
      <arg column="type" jdbcType="VARCHAR" javaType="java.lang.String" />
      <arg column="r_id" jdbcType="VARCHAR" javaType="java.lang.String" />
      <arg column="parent_id" jdbcType="VARCHAR" javaType="java.lang.String" />
      <arg column="create_date" jdbcType="TIMESTAMP" javaType="java.util.Date" />
      <arg column="create_by" jdbcType="VARCHAR" javaType="java.lang.String" />
      <arg column="update_date" jdbcType="TIMESTAMP" javaType="java.util.Date" />
      <arg column="update_by" jdbcType="VARCHAR" javaType="java.lang.String" />
      <arg column="remark" jdbcType="VARCHAR" javaType="java.lang.String" />
      <arg column="delete_flag" jdbcType="VARCHAR" javaType="java.lang.String" />
    </constructor>
  </resultMap>
  <sql id="Base_Column_List" >
    <!--
      WARNING - @mbggenerated
      This element is automatically generated by MyBatis Generator, do not modify.
    -->
    id, type, r_id, parent_id, create_date, create_by, update_date, update_by, remark,
    delete_flag
  </sql>
  <select id="list" resultType="dao.po.sys_resource">
    SELECT
    *
    FROM
    sys_resource
  </select>
  <insert id="insertSelective" parameterType="dao.po.sys_resource" >
    <!--
      WARNING - @mbggenerated
      This element is automatically generated by MyBatis Generator, do not modify.
    -->
    insert into sys_resource
    <trim prefix="(" suffix=")" suffixOverrides="," >
      <if test="id != null" >
        id,
      </if>
      <if test="type != null" >
        type,
      </if>
      <if test="rId != null" >
        r_id,
      </if>
      <if test="parentId != null" >
        parent_id,
      </if>
      <if test="createDate != null" >
        create_date,
      </if>
      <if test="createBy != null" >
        create_by,
      </if>
      <if test="updateDate != null" >
        update_date,
      </if>
      <if test="updateBy != null" >
        update_by,
      </if>
      <if test="remark != null" >
        remark,
      </if>
      <if test="deleteFlag != null" >
        delete_flag,
      </if>
    </trim>
    <trim prefix="values (" suffix=")" suffixOverrides="," >
      <if test="id != null" >
        #{id,jdbcType=VARCHAR},
      </if>
      <if test="type != null" >
        #{type,jdbcType=VARCHAR},
      </if>
      <if test="rId != null" >
        #{rId,jdbcType=VARCHAR},
      </if>
      <if test="parentId != null" >
        #{parentId,jdbcType=VARCHAR},
      </if>
      <if test="createDate != null" >
        #{createDate,jdbcType=TIMESTAMP},
      </if>
      <if test="createBy != null" >
        #{createBy,jdbcType=VARCHAR},
      </if>
      <if test="updateDate != null" >
        #{updateDate,jdbcType=TIMESTAMP},
      </if>
      <if test="updateBy != null" >
        #{updateBy,jdbcType=VARCHAR},
      </if>
      <if test="remark != null" >
        #{remark,jdbcType=VARCHAR},
      </if>
      <if test="deleteFlag != null" >
        #{deleteFlag,jdbcType=VARCHAR},
      </if>
    </trim>
  </insert>
  <update id="updateByPrimaryKeySelective" parameterType="dao.po.sys_resource" >
    <!--
      WARNING - @mbggenerated
      This element is automatically generated by MyBatis Generator, do not modify.
    -->
    update sys_resource
    <set >
      <if test="type != null" >
        type = #{type,jdbcType=VARCHAR},
      </if>
      <if test="rId != null" >
        r_id = #{rId,jdbcType=VARCHAR},
      </if>
      <if test="parentId != null" >
        parent_id = #{parentId,jdbcType=VARCHAR},
      </if>
      <if test="createDate != null" >
        create_date = #{createDate,jdbcType=TIMESTAMP},
      </if>
      <if test="createBy != null" >
        create_by = #{createBy,jdbcType=VARCHAR},
      </if>
      <if test="updateDate != null" >
        update_date = #{updateDate,jdbcType=TIMESTAMP},
      </if>
      <if test="updateBy != null" >
        update_by = #{updateBy,jdbcType=VARCHAR},
      </if>
      <if test="remark != null" >
        remark = #{remark,jdbcType=VARCHAR},
      </if>
      <if test="deleteFlag != null" >
        delete_flag = #{deleteFlag,jdbcType=VARCHAR},
      </if>
    </set>
    where id = #{id,jdbcType=VARCHAR}
  </update>
</mapper>